epoch,train_mse,train_rmse,train_rrmse,train_mae,train_cc,val_mse,val_rmse,val_rrmse,val_mae,val_cc,lr,grad_norm
1,0.8178519367483064,0.904351666525974,1.1467238681852523,0.5809460262049453,0.6291513746142796,0.31644045250270797,0.562530401403078,0.7135608445926316,0.4290967186399583,0.8269407962748926,0.00029883053385405453,0.6328269243240356
2,0.3243554078798086,0.5695220872624771,0.7221581364808844,0.4357377237548265,0.8225477772977637,0.3025051406780491,0.5500046733238265,0.6976721582477243,0.4200278003171471,0.8352366088629367,0.0002973719006322959,0.2655653655529022
3,0.30900193752771166,0.55587942714919,0.704860499188241,0.4244680069147852,0.8315824126244633,0.29467811612010625,0.5428426255556082,0.6885872148530994,0.4134711355234479,0.839849099301937,0.0002953375776612738,0.5517113208770752
4,0.2998106938348043,0.5475497181396446,0.6942997708129751,0.41763294703388093,0.8370016549122569,0.28568942674637876,0.5344992298838033,0.6780037504794508,0.4065430998651587,0.8456209430657549,0.0002927355934843612,0.34114497900009155
5,0.2808402682988114,0.5299436463425252,0.6719713878014791,0.4046289570371361,0.8481998745586274,0.2506983851164477,0.5006978980547528,0.6351273000189352,0.3819413282363085,0.8658588010308863,0.0002895762169443708,0.2708307206630707
6,0.2571997414695742,0.5071486384380561,0.6430677872131004,0.38739660233067913,0.8619829067025844,0.23320534349326902,0.4829133912962748,0.6125679367710283,0.3688102585166569,0.8761816442142399,0.00028587191665712416,0.18341955542564392
7,0.24729723951017749,0.4972898948402003,0.6305677995919827,0.37981624692793226,0.8676855195706076,0.2254795078077249,0.47484682562666974,0.6023356268410963,0.3623525980598465,0.8802056847379744,0.0002816373118035211,0.263256311416626
8,0.24161706501390876,0.4915455879304673,0.6232832474346308,0.37523586709477935,0.8709406205170014,0.22254612514245942,0.47174794662240915,0.5984047482360375,0.3598122471959297,0.8817894894875888,0.00027688911443431207,0.18070152401924133
9,0.23735573796007844,0.4871916850276475,0.6177612337526078,0.3717206178641901,0.873378836593316,0.21844735504423016,0.46738352029594515,0.5928685430320054,0.35606007523494515,0.8840770796462728,0.00027164606351526803,0.21166211366653442
10,0.23364161612975276,0.48336488921905857,0.6129121763873072,0.3686863877577408,0.8754960800860946,0.21615556172355593,0.46492532919121105,0.5897503668116818,0.3541250258140929,0.885450099627687,0.0002659288509730446,0.3062969744205475
11,0.2306522535726868,0.48026269225569335,0.6089783772811058,0.36618190820165103,0.8771954886553615,0.21396013262297267,0.4625582478163941,0.586747761831007,0.35226562939230616,0.8870847771261308,0.0002597600400335998,0.30717769265174866
12,0.22792889816693684,0.4774189964454042,0.60537059080943,0.36391129190716726,0.8787395497625565,0.21362721311166127,0.4621982400568627,0.5862910977283907,0.35125426939733834,0.8868864897003055,0.00025316397617545003,0.18597541749477386
13,0.22556199699602017,0.4749336764181081,0.6022208810583763,0.3619431447003405,0.8800812095104366,0.2122341278033488,0.460688753719199,0.584376338377931,0.3506371274878243,0.8879196965154801,0.0002461666910491885,0.30587321519851685
14,0.22328525997784385,0.47253069739207826,0.5991738645661046,0.36000037805412793,0.8813699923893098,0.2089848501160351,0.45714860834966464,0.5798857204245459,0.347668992162848,0.8893985127310872,0.000238795799742453,0.2871399223804474
15,0.2212023294515267,0.4703215171045513,0.5963715648140532,0.3582218119130973,0.8825460320937484,0.20864544722001663,0.4567772402605198,0.5794146459249562,0.3471522509374035,0.8896256876664629,0.00023108039179579136,0.17600762844085693
16,0.21915196117601896,0.4681366906962313,0.5936009115534365,0.3564548404440188,0.8837042068480655,0.2066368425049478,0.45457325317812947,0.5766189234536745,0.3460168983075318,0.8909061436484832,0.00022305091639953446,0.1800776571035385
17,0.21749799743543388,0.46636680567492567,0.591358137696652,0.35504475082910414,0.8846363423579622,0.20511451832031735,0.4528957035789999,0.5744909785358261,0.34483764860479865,0.8918255069164419,0.00021473906222475292,0.27460917830467224
18,0.21582034947553863,0.4645646881496038,0.5890714596142133,0.3535895165108594,0.8855822368663815,0.20604679210589177,0.45392377345308954,0.5757950687784616,0.3451473574801013,0.8910853384303434,0.0002061776323625496,0.28183308243751526
19,0.21431428230390315,0.46294090584425907,0.5870170733274149,0.3522704259345406,0.8864290564165025,0.20322908319908023,0.4508093645867178,0.5718444907909395,0.34274632464761534,0.8927051340015814,0.00019740041486524543,0.20966118574142456
20,0.21282442484113157,0.46132897680628254,0.5849705627496411,0.35098385520097686,0.8872669871778768,0.2035634734100909,0.4511800897757911,0.5723147497820396,0.34291264365842855,0.8924339807150711,0.00018844204940037296,0.20838777720928192
21,0.2115089064691125,0.45990097463379276,0.583161867573409,0.3498302516413898,0.8880053425744998,0.20034350094178205,0.4475974764694078,0.5677702619279158,0.33964275500551067,0.8942400194740256,0.00017933789054373425,0.16586485505104065
22,0.21030901485291312,0.4585946083993063,0.5815026327182783,0.34878115927912917,0.8886790147755425,0.19865498115086552,0.44570728191366304,0.5653725802732399,0.33813305121426807,0.8951856481927011,0.00017012386825104183,0.18695655465126038
23,0.20908958823521728,0.4572631498767611,0.5798145793548293,0.34770315097446464,0.8893631852642174,0.19873591455563894,0.44579806477332196,0.5654877368831781,0.33821454587728833,0.8951336665549466,0.00016083634605879864,0.17473898828029633
24,0.2078696510375541,0.4559272431403437,0.578120877477996,0.34664508597076477,0.8900475568343218,0.19755517771648082,0.4444717963116229,0.5638053864869575,0.33746595766500886,0.8958941379607589,0.00015151197757403212,0.15313370525836945
25,0.20676607985781154,0.45471538335294037,0.5765849969360262,0.3456875082387545,0.8906648706857825,0.19661388438523753,0.4434116421399392,0.5624605978244104,0.3365015006844177,0.8963515943352042,0.00014218756181925296,0.15414486825466156
26,0.205707700418569,0.4535501079468166,0.5751074992227462,0.34473584169600835,0.8912574299133476,0.19499954749608037,0.44158753095629905,0.5601467418735451,0.33481054627880297,0.8972242415127526,0.0001328998980035249,0.14328649640083313
27,0.20472041895285498,0.4524604059504599,0.5737238456480659,0.34386035627822975,0.891810201452619,0.1944581068631351,0.44097404329862216,0.5593685425618862,0.3344647960528594,0.8976069916174413,0.00012368564029279866,0.17192253470420837
28,0.2037883040917241,0.4514291794863554,0.572414074074266,0.34304038130119924,0.8923311558913062,0.19423837572244762,0.4407248299363761,0.5590524193856018,0.33415344178386164,0.8976884324691136,0.00011458115315266445,0.1469712108373642
29,0.20292695934031832,0.4504741494695543,0.5712067325043225,0.34223738572869894,0.892813081257955,0.19338283020760302,0.4397531468990336,0.5578198549462878,0.3332823786230385,0.8981412277177518,0.00010562236783441995,0.1763744205236435
30,0.20204562021464836,0.4494948500424097,0.5699659669919714,0.34149872981231844,0.8933047179530821,0.19367661172357026,0.440087050165726,0.5582434059159759,0.33370205659424007,0.8980088002298828,9.684464057083656e-05,0.1669549196958542
31,0.2012796667864754,0.4486420252121678,0.5688813260733481,0.34079055409682424,0.893732793960341,0.19273291725347327,0.4390135729718083,0.5568817172121613,0.3328547440718021,0.8986570571826779,8.82826130412615e-05,0.23679274320602417
32,0.20061429152898824,0.44789986774834867,0.5679410628750249,0.34023550963830274,0.894103495188543,0.191393881148755,0.4374858639416307,0.5549438426668099,0.3316617023211226,0.8993451474248991,7.997007565673571e-05,0.1824595034122467
33,0.19996606515522028,0.44717565358058153,0.5670202815642279,0.3396072288991857,0.8944660217607129,0.1908747733790314,0.43689217591876306,0.5541907588762,0.33124814311469686,0.8996550549007385,7.193983420467881e-05,0.14186260104179382
34,0.19915739660162063,0.44627054193798255,0.5658766261402725,0.33892379764261843,0.8949162912191156,0.18990369041868332,0.4357794056844395,0.5527792275771609,0.3302487459580319,0.9001054512598011,6.422358037943377e-05,0.16159451007843018
35,0.19868908382579206,0.4457455370789393,0.5652096414106887,0.3384855636736242,0.8951769642314585,0.1898806438057071,0.43575296190124413,0.5527456840598255,0.33022672969540673,0.9001330608498214,5.685176670962769e-05,0.15195614099502563
36,0.1982143580224915,0.44521271098486337,0.5645369529369357,0.337970088588717,0.8954419313494156,0.18970601615912647,0.43555254121532394,0.5524914536154578,0.33009647148392557,0.9001917827818757,4.9853486375954044e-05,0.16485583782196045
37,0.19766421914483218,0.4445944434479947,0.5637521460851184,0.3375139370732803,0.8957485191704846,0.18878761230231925,0.43449696466410354,0.5511524715914777,0.32929138499591953,0.9007277915266716,4.325635839367968e-05,0.1601921170949936
38,0.19727530899494694,0.44415685179331293,0.563194257566763,0.337222529352859,0.8959644831512622,0.18860230457049115,0.43428366832116905,0.5508819085814907,0.32884685830978727,0.900800451302725,3.708641861300957e-05,0.15925918519496918
39,0.1967788895111488,0.4435976662598089,0.5624863442936794,0.33674293963073615,0.8962414682824258,0.18826783845795123,0.43389841951538755,0.5503932266141764,0.3286573869229826,0.9010285477600528,3.1368016967480604e-05,0.12886597216129303
40,0.19627342372176276,0.4430275654197634,0.5617603877087887,0.3362900849637385,0.8965223904180561,0.18807465262930223,0.43367574595462705,0.5501107687528974,0.3285168732273258,0.9011231256966732,2.612372137589851e-05,0.16170348227024078
41,0.19612057841788208,0.4428550309275961,0.5615454307591218,0.3361360670972391,0.8966072858443837,0.1878227195333561,0.43338518610279714,0.5497421982138487,0.3282276858192255,0.901226482429012,2.13742286770725e-05,0.15589606761932373
42,0.19573287019298075,0.4424170771941119,0.5609895349990162,0.3357957777147575,0.8968234568698674,0.18753305683710841,0.4330508709575682,0.5493181247828045,0.32793249771539495,0.9013979593264819,1.7138282948848004e-05,0.13434374332427979
43,0.19558499914155233,0.4422499283680579,0.5607745398839722,0.33566114604855685,0.8969053829472716,0.18730706760672924,0.43278986541591896,0.5489870434149743,0.32770630840445397,0.901534209552966,1.3432601533794856e-05,0.17571021616458893
44,0.19539949399286424,0.4420401497521059,0.5605112277169069,0.3354997489510513,0.8970084503988434,0.18731634704198805,0.43280058576899827,0.5490006420119187,0.3277774425947888,0.9015315656472179,1.027180906349344e-05,0.15925998985767365
45,0.19511820901955199,0.44172186839633826,0.5601062538346581,0.33525588722069855,0.8971654873264064,0.18723947996267923,0.4327117746984466,0.5488879865850227,0.3276231540624167,0.9015603049950959,7.668379741795302e-06,0.1452343761920929
46,0.19503108154748003,0.441623234836529,0.5599812837842851,0.33517054247458267,0.897213258571306,0.18702236079842666,0.43246081995763114,0.5485696544977894,0.3274777546145817,0.9016788633736996,5.6325881148394714e-06,0.1291627287864685
47,0.1948680367526408,0.441438599074255,0.5597483840587731,0.3350366196751748,0.8973041187456412,0.1869527594403355,0.4323803411816216,0.5484675684536611,0.327421293343002,0.9017282504730301,4.172468522112825e-06,0.15795324742794037
48,0.19474188086310154,0.44129568416550546,0.559565178174289,0.33487400798956757,0.8973743795718028,0.18694372784680482,0.4323698970173627,0.5484543201978317,0.3274088898971825,0.9017336444210696,3.293783388582674e-06,0.1301991492509842
49,0.19475734899530667,0.4413132096315571,0.5595900700244838,0.33491269790774286,0.8973657399445889,0.18690601003619656,0.4323262772908866,0.5483989892703163,0.32735822846626594,0.9017602412375553,3.000000483037985e-06,0.1452210545539856
50,0.20341994258573945,0.45102100016045754,0.5718990007450406,0.34293258626286577,0.8925479250574286,0.19316115720976434,0.4395010320918079,0.5575000513333105,0.33320600963675834,0.8983930258125706,0.0002999269122059575,0.16905491054058075
51,0.20272592025712152,0.4502509525332751,0.5709195283156288,0.3423800653609446,0.8929352346399929,0.19419259401977848,0.44067288777479663,0.5589865315818596,0.33444018881150134,0.898039229284577,0.0002997073450901255,0.218111053109169
52,0.20177000533402042,0.4491881625043345,0.5695734446708622,0.3415018471581945,0.8934691503687391,0.19203895593976053,0.43822249593073215,0.5558782485993358,0.3328270308916759,0.8994305340869168,0.0002993415152179792,0.18456144630908966
53,0.20085361995883716,0.44816695545169005,0.5682769095347159,0.3406816431738446,0.8939809355432992,0.19156530501071867,0.43768173940743593,0.5551923075719356,0.33182750275754214,0.899135632285294,0.00029882978361943515,0.23292946815490723
54,0.19973087570939657,0.4469126041066604,0.5666897663107726,0.3397107312936379,0.8946072488429048,0.19031977391032143,0.4362565459799101,0.5533844724339294,0.33081228452089395,0.8998502189861818,0.00029817265531179905,0.2802696228027344
55,0.19879330212635316,0.4458624251115507,0.5653579010483173,0.3388801969597367,0.895130073735214,0.19176887738706833,0.4379142351957382,0.5554872247722352,0.331961442967697,0.8991547730731863,0.0002973707788013745,0.22032347321510315
56,0.19787001649972258,0.444825827150046,0.5640418589931034,0.3380357954407228,0.895644428212928,0.18900585269222317,0.43474803356912745,0.5514709484941891,0.32983026106937163,0.9005568209753224,0.00029642494544346553,0.26994651556015015
57,0.1970125295040084,0.4438609348703808,0.5628210077918876,0.3372938859447435,0.8961226397998302,0.1873045772276422,0.4327869882836616,0.5489833938185819,0.3280759865444633,0.901533024561473,0.0002953360886614046,0.22732074558734894
58,0.19625796544077462,0.44301011889207975,0.5617402776592824,0.33661406880318734,0.8965416131750256,0.18722006595214338,0.43268934115846136,0.5488595299972557,0.327507388051764,0.9015661098265779,0.00029410528302537626,0.22977498173713684
59,0.19518841542925242,0.4418013302710308,0.5602091716889134,0.3356726857449797,0.8971372169112566,0.18535648436134117,0.43053046856330757,0.5461210345336799,0.32596256164539766,0.9026051250394662,0.00029273374319194634,0.19842642545700073
60,0.1942462917125577,0.4407338104939961,0.558855061923563,0.3347986477865946,0.8976613521945781,0.18452682832457318,0.4295658602875386,0.5448974443166145,0.3254955638038017,0.903092249609434,0.00029122282270534243,0.33323395252227783
61,0.19337317573243754,0.43974216960900797,0.5575999130435128,0.3340609139058648,0.8981467497980422,0.1844226744733892,0.4294446116478692,0.5447436423505119,0.32542746860054594,0.903094351096126,0.0002895740126616692,0.17349939048290253
62,0.1925182662359098,0.43876903518355737,0.5563636496890363,0.3333101176174982,0.898621551794302,0.18283676503044974,0.4275941592567066,0.5423963729979169,0.32388235545506916,0.9040150786008784,0.00028778894023737643,0.20511680841445923
63,0.19158636800590925,0.43770580074510007,0.5550166195834836,0.3324649416206737,0.8991395058782226,0.18319197076254642,0.42800931153719823,0.542922987046088,0.32407553001036177,0.9038669822934384,0.0002858693670834325,0.2801487445831299
64,0.19072829238563507,0.43672450399037044,0.553768900171728,0.33171472309183553,0.8996150339104566,0.1829480501831363,0.4277242688732267,0.5425614149718655,0.3242151017353393,0.9041424313877906,0.0002838171875867876,0.16001448035240173
65,0.19000935510508668,0.43590062526347295,0.5527291655508305,0.33107347761559397,0.9000136355808578,0.18063131804673643,0.42500743293116233,0.5391151518994988,0.32180693054474596,0.9052162658235704,0.00028163442700084214,0.18607038259506226
66,0.18923819866581354,0.435015170615708,0.5516051685083485,0.33036647647121903,0.9004416072343909,0.18138300479695463,0.42589083671400424,0.5402357355120978,0.3224562822406289,0.9047780651298241,0.0002793232394467666,0.18677791953086853
67,0.1885580204915021,0.4342326801284101,0.5506150008079577,0.32978894170349765,0.9008191411407854,0.17991869597201784,0.4241682401736578,0.5380506492675924,0.3210488398396523,0.905594587320015,0.0002768859057876439,0.26174014806747437
68,0.1877434725977184,0.4332937486252466,0.5494197191877095,0.3290290690585493,0.9012698921680662,0.17903485579560366,0.4231251065531371,0.5367274509028015,0.3203061617920274,0.9060759342504793,0.0002743248313775325,0.2413480281829834
69,0.18697321091674565,0.4324039904033561,0.548291688367038,0.3283572001466396,0.9016965107939612,0.17983679873830166,0.4240716905645809,0.5379281776279687,0.32141090923860777,0.9057069659739253,0.0002716425436876732,0.2028740644454956
70,0.1863146423528375,0.43164179866277724,0.5473240590460324,0.32771975406480236,0.9020613263686159,0.17709774524376853,0.4208298293179424,0.5338159283283154,0.318421610811733,0.9071914017966954,0.00026884168981217924,0.21458013355731964
71,0.18541811416176684,0.4306020368760079,0.5460066995875072,0.3269425146233898,0.9025572265307708,0.17787271663828935,0.4217495899681342,0.534982630047435,0.3193735929198954,0.9067832057594533,0.0002659250338556746,0.17487022280693054
72,0.18476164859357327,0.4298390961668951,0.5450362834331188,0.32633381860093985,0.9029202526960315,0.17678035258644434,0.4204525568794229,0.5333373642556892,0.31825705078874034,0.9073191213814676,0.00026289545420545604,0.23413653671741486
73,0.18412549818587395,0.42909847143269336,0.5441004882449915,0.3258140263493162,0.9032719571135044,0.17608460689834515,0.41962436404282477,0.5322868148480581,0.3173042618180629,0.9077433156557565,0.00025975594069087293,0.21819499135017395
74,0.18339194407129472,0.4282428564159532,0.5430174520534012,0.3251079452129628,0.9036775707815896,0.17555460046073887,0.4189923632487099,0.5314851319180209,0.3171258422790979,0.9080913436212465,0.000256509591632726,0.17361482977867126
75,0.18281933122023997,0.4275737728395417,0.5421676240660562,0.32462809151648253,0.9039938462438374,0.17604412332895195,0.4195761234018828,0.5322256223642235,0.3175841739215999,0.9078455821010607,0.00025315961078559927,0.15682797133922577
76,0.18217100562654504,0.4268149547831531,0.5412054453486026,0.32400895094687887,0.9043520487506811,0.17491693321149543,0.4182307176804394,0.5305189966591624,0.31674319461587747,0.9086280659971648,0.0002497093041761407,0.1596958190202713
77,0.18150941421192937,0.4260392167534925,0.5402235805309508,0.3234041187821365,0.9047174141175855,0.17368432017272828,0.4167545082812282,0.5286464485745266,0.3152982258792389,0.9090487645378565,0.00024616207684041323,0.14709267020225525
78,0.18099252162297974,0.42543215866102524,0.5394515259273197,0.3229440313325155,0.9050025936155744,0.17434706470205172,0.4175488770216628,0.529654092655502,0.31598113878735823,0.9087770523194156,0.00024252142946353528,0.16568635404109955
79,0.1802963593231086,0.4246131878817574,0.5384126693911125,0.32230119592724166,0.9053866615252493,0.17432294582937669,0.41751999452646177,0.5296174556708729,0.3160732775641529,0.9088117734448569,0.00023879095492492723,0.22912418842315674
80,0.17985640416478926,0.4240948056328788,0.537754687525594,0.3219033993101548,0.9056293782150068,0.17166412644729656,0.4143236976656013,0.5255630040680517,0.31339923278279863,0.9101330280912352,0.00023497433475257296,0.1805504560470581
81,0.17915471357237236,0.4232667168256587,0.536706799461142,0.3213003422773236,0.9060161669467882,0.1711742802661069,0.4137321358875896,0.5248126173851384,0.3128473192017725,0.9105083506706738,0.00023107533548979644,0.15516692399978638
82,0.178552150515904,0.4225543166456876,0.5358034961499456,0.3207502820372428,0.9063482353065753,0.17099522399764655,0.4135156877285873,0.5245380563467252,0.31289482065065527,0.9106341605617836,0.00022709780497813824,0.2427382916212082
83,0.17793032431327027,0.4218178805044545,0.534868545877144,0.32017364596830866,0.9066909812962808,0.1710249149203408,0.41355158677043036,0.5245835937088904,0.31293642295007135,0.9106369094271077,0.00022304566856000017,0.23041808605194092
84,0.17748571157608473,0.42129053107812037,0.5341979921861041,0.3197314855529041,0.9069358047076364,0.16930710066743887,0.41146944074552955,0.5219424246762698,0.3110519058759022,0.9114281476368736,0.00021892292520480665,0.20536312460899353
85,0.17692576863340298,0.42062544934110085,0.5333567662031923,0.3191800911328606,0.9072438228401019,0.17066051107605235,0.4131107733720489,0.5240244289418443,0.31253640313071906,0.9108036898101833,0.0002147336435625044,0.1668631136417389
86,0.17639022551008304,0.4199883635412808,0.5325497632799401,0.3187146558688143,0.9075392157202464,0.1697538716981093,0.4120119800419756,0.522630627122984,0.31160166753670127,0.9114045029561726,0.00021048195794829623,0.22852370142936707
87,0.1758657885339967,0.4193635517471645,0.5317583113323279,0.3182381909909695,0.9078274445461273,0.17014784503985647,0.41248981204371155,0.5232367493981209,0.3119405195012116,0.9112935562528549,0.00020617206426257117,0.24128085374832153
88,0.17542292535381537,0.4188352007100351,0.5310844934460255,0.31782360824449074,0.9080713729071501,0.16797699297492072,0.40984996398062634,0.519888144222662,0.30991669403390104,0.912175750638574,0.00020180821585005733,0.17434145510196686
89,0.17476842243496965,0.4180531335069379,0.5300952155542012,0.3172383587305292,0.9084309810275549,0.1684599101726296,0.41043868016139706,0.5206349213108484,0.3104299947342445,0.9119491233383915,0.00019739471930228393,0.2165464609861374
90,0.17423508030306237,0.4174147581280067,0.5292873453128876,0.31672180318709975,0.9087244653417093,0.16888029234135243,0.41095047431698195,0.5212841240366137,0.31075822323845775,0.9119578202024817,0.00019293593020749578,0.1429525911808014
91,0.17378835401118797,0.41687930388925276,0.5286035405881448,0.31631968947981076,0.9089699323248416,0.16816069309170592,0.41007400928577015,0.5201723421198187,0.3096010576106004,0.9124771079639371,0.00018843624885221333,0.17782199382781982
92,0.1733228383497341,0.4163205956348234,0.5278962490383488,0.3158722568078586,0.9092256499978505,0.1688095763839339,0.41086442579509597,0.5211749728586511,0.3107825514857594,0.9119530705954765,0.0001839001158786811,0.16284139454364777
93,0.17285023635403948,0.4157526143682556,0.5271795916444191,0.31542391472511633,0.9094856204127146,0.16505039084626758,0.4062639423407738,0.5153393329518786,0.30694122569179344,0.9137913301068925,0.00017933200790249003,0.20789629220962524
94,0.17245173991797672,0.4152730907703709,0.5265697447859494,0.31505633896367385,0.9097043136379311,0.1666599175405511,0.4082400244225829,0.5178459615638844,0.3086341767723305,0.9129765858515638,0.00017473643309469822,0.16064859926700592
95,0.17199301321791133,0.41472040366723134,0.5258690118039437,0.31466554765217725,0.9099561576662025,0.16656015014373057,0.40811781404850556,0.5176909396530204,0.3088350951768414,0.9131123320201842,0.0001701179267328105,0.17399117350578308
96,0.17153387653506308,0.41416648407984813,0.5251655841672644,0.31418735909829243,0.9102080505476235,0.16620879447797945,0.4076871281730384,0.5171446214873072,0.3082470791453038,0.913504051231108,0.00016548104672500704,0.17248652875423431
97,0.171197019393086,0.4137596154690378,0.5246504644655497,0.31388724324638945,0.910393162698702,0.1657530251575106,0.40712777497673946,0.5164350908767285,0.3076831578046616,0.9137460409151804,0.00016083036911203823,0.14613835513591766
98,0.17063591880807522,0.41308100756156196,0.5237911320614145,0.3133696187215837,0.9107008892235295,0.1637072128587801,0.4046074799837246,0.5132381368643716,0.30548716615498916,0.9145637071385033,0.00015617048355122496,0.19458167254924774
99,0.1702603055630477,0.41262610867836236,0.5232151537136166,0.3130025599290532,0.9109069116472092,0.1638144606869265,0.40473999145985873,0.5134062255589428,0.3055323001990312,0.9145893830272428,0.0001515059887870209,0.12917453050613403
100,0.16995788236484602,0.4122594842630622,0.5227493070755866,0.3127088557082361,0.911072740575996,0.16365065795810316,0.40453758534665624,0.5131494766317253,0.30560378635904245,0.9147492081306274,0.00014684148811260715,0.1971021443605423
101,0.16952787613225992,0.4117376302115947,0.5220862941973518,0.3122995547060789,0.9113087463954275,0.16329484363687402,0.40409756697717697,0.512591320346165,0.30499192382256235,0.9148390174726736,0.00014218158482699723,0.13433071970939636
102,0.16901911288232033,0.4111193414111289,0.5213044273631137,0.3118419588683352,0.9115876886696165,0.16368067503362715,0.40457468412349673,0.5131965358386048,0.30549729634140227,0.9146811797691672,0.00013753087769213722,0.15433572232723236
103,0.1686118834284977,0.41062377357929203,0.5206752861824209,0.31146347702544214,0.911810476709281,0.1629309496753075,0.4036470607787297,0.5120198604167879,0.30470710049422506,0.9151625762717731,0.00013289395639448252,0.1758148968219757
104,0.16839997194927372,0.4103656563959437,0.5203475652797102,0.3112336734599112,0.9119269135565347,0.16283054701194632,0.40352267224029226,0.5118620755391641,0.3046720109246651,0.9151932960479348,0.00012827539701553152,0.19160014390945435
105,0.1679457093616505,0.4098117974895922,0.5196455663790346,0.3108656018475054,0.9121755501340959,0.16251837899594115,0.4031356831092246,0.511371185996974,0.30438389457147746,0.9153619185491818,0.00012367975751578596,0.13582518696784973
106,0.16753596316100086,0.40931157222951914,0.5190093868567871,0.3104151576489631,0.9123998687515288,0.16294936268064136,0.40366986843290814,0.5120487915624437,0.3048734294875523,0.9153528830286483,0.00011911157323659375,0.1937519758939743
107,0.1672619372721049,0.40897669526771924,0.5185881044739397,0.3101757883413459,0.912550280688775,0.16252376249692346,0.4031423600875049,0.5113796556374577,0.3042593883534369,0.9154076329760689,0.00011457535242431481,0.1480918824672699
108,0.16683202970471706,0.40845076778568684,0.5179184567022268,0.3097488591315964,0.9127853743142277,0.1623523318365235,0.40292968597079504,0.5111098819115151,0.3043964763256514,0.9155298078207732,0.00011007557178122639,0.1495279222726822
109,0.1666087468988017,0.40817734736117056,0.5175718497183475,0.3095309154366039,0.9129074454433275,0.16174486040143926,0.4021751613432128,0.5101527794523757,0.3036804268063674,0.9157185899769088,0.00010561667204755801,0.14072102308273315
110,0.16622509475467448,0.4077071188422818,0.5169762104074664,0.30919321816754125,0.9131176718000312,0.16126369857719242,0.40157651646627995,0.5093934079714214,0.302964383655239,0.9161342143241422,0.00010120305361901744,0.15047568082809448
111,0.1660637282820201,0.40750917570285466,0.5167262222381922,0.30897635424244235,0.9132058734440499,0.16083651874668223,0.40104428526869973,0.5087182811837552,0.30278160795367726,0.9162441010706946,9.683907220413095e-05,0.17426416277885437
112,0.1656581769208394,0.407011273702387,0.5160946206279903,0.30863854319660594,0.9134275619064788,0.16082238187172035,0.40102665980171487,0.5086959235599241,0.3026911030390529,0.9162955227288428,9.252903452568516e-05,0.14158596098423004
113,0.16528156019068194,0.4065483491427335,0.5155075548947642,0.30831007806725313,0.9136337401997393,0.16118436461212704,0.40147772617186006,0.5092680940581681,0.30315049558184115,0.9162221026139762,8.82771940705116e-05,0.17897437512874603
114,0.16500541988631115,0.40620859159588335,0.5150755303252997,0.3079903414604446,0.9137847989617014,0.1600382621054657,0.400047824772821,0.5074542869333664,0.3019219042053939,0.9167777470954807,8.408774689180864e-05,0.15109314024448395
115,0.1647813383284215,0.405932677088728,0.5147257317409497,0.30780374586811726,0.9139073711477036,0.16029566794262748,0.40036941434458684,0.5078622181773828,0.30197422669222584,0.9165661794937905,7.996482746814341e-05,0.13387398421764374
116,0.16461266502642355,0.405724863702514,0.514461580046347,0.3076102791380362,0.9139995984781873,0.15941741599478979,0.399271105885199,0.5064690314092556,0.3013285471846149,0.9169795368397455,7.591250462322115e-05,0.14118105173110962
117,0.16438805102460344,0.40544796339925476,0.5141120220839889,0.30739943711840295,0.9141221049536695,0.16074510318581925,0.4009302971662521,0.5085736890933488,0.302723400946925,0.9164483821642896,7.193477751044682e-05,0.1514657586812973
118,0.1640549486500614,0.40503697195448884,0.5135921802681431,0.30708459631775403,0.9143042738282493,0.15974365565519086,0.39967944112149534,0.5069869981455631,0.3016806187515245,0.9168197244065993,6.8035571666244e-05,0.1591184288263321
119,0.16381886976368162,0.4047454382246718,0.5132184573853164,0.30683593606918247,0.9144333965096116,0.1610298271192968,0.40128521916374743,0.5090239019879151,0.302888635305953,0.9164447915284083,6.421873513602404e-05,0.1580645889043808
120,0.16353862622659535,0.40439909276183517,0.5127811599886801,0.30660171012976356,0.914586185270228,0.1594115732981612,0.3992637891146168,0.5064597502024385,0.3012758699743095,0.9170702769951032,6.0488034676629977e-05,0.14298367500305176
121,0.16333277070170343,0.4041444923560179,0.5124572716182119,0.306392598442915,0.9146987404115268,0.15876274826595058,0.3984504338885209,0.5054280220671427,0.30068308884132383,0.9173711061924534,5.684715203900239e-05,0.13564838469028473
122,0.16319513818265843,0.4039741800940481,0.5122446575080607,0.3062397539615631,0.914774181402611,0.15969273674425677,0.39961573635713693,0.5069061896677515,0.30148573632576775,0.9171083287039888,5.3299680334735473e-05,0.1387205868959427
123,0.1628914451530258,0.40359812332693745,0.5117639161176196,0.3059305684480802,0.91493986485065,0.15887286787406565,0.3985885947616485,0.50560327693172,0.3007293588266199,0.9174297206752442,4.984912049010987e-05,0.13197901844978333
124,0.16272307666489647,0.4033894850698224,0.5115026798440767,0.30578636472736304,0.9150319329458002,0.15856182684947429,0.39819822557298556,0.5051080998403655,0.30034452929563027,0.917628982399313,4.649887779110116e-05,0.13270285725593567
125,0.16252198566674267,0.40314015635600314,0.5111867372556569,0.3055880781315717,0.9151416345799906,0.15840492418926344,0.39800116104009475,0.5048581266226015,0.300319350641399,0.9177323295449484,4.3252258522773466e-05,0.15648014843463898
126,0.16239657129647644,0.40298457947727534,0.5109865771470476,0.30547733518829395,0.9152100586603709,0.1585787153700116,0.39821943118086495,0.5051349988158356,0.30046264859791416,0.9176135744451851,4.0112466706375645e-05,0.16155952215194702
127,0.16216141138517504,0.40269270093357173,0.5106201574530611,0.3052248622700859,0.91533854554674,0.1576740802399326,0.397081956578151,0.5036921304194062,0.29940285516589843,0.918046772080983,3.7082600937358755e-05,0.14578360319137573
128,0.1619426546109044,0.40242099176223944,0.5102747369492685,0.30500076720742114,0.9154579168485738,0.1588654734128392,0.3985793188473772,0.5055915105823721,0.3007612694817918,0.9175052177138878,3.416565132743662e-05,0.13473166525363922
129,0.16181497855425186,0.4022623255467157,0.5100724600905977,0.30489227814607045,0.915527538024428,0.15849269432531887,0.3981114094387636,0.5049979749583944,0.3004571976289059,0.9177396845910901,3.136449655370681e-05,0.14992289245128632
130,0.16159512823751251,0.4019889653180949,0.5097256387526605,0.3047198040341535,0.9156476011287511,0.15798027311888568,0.39746732333474366,0.5041809620054437,0.29980659106216195,0.9179565568921421,2.8681901017743324e-05,0.15018948912620544
131,0.16149540199624404,0.4018649051562528,0.5095705276501413,0.304596440017759,0.9157020088870834,0.15778458081864855,0.39722107297907616,0.503868597355759,0.29960705816175637,0.9180576218239072,2.612051211746659e-05,0.13996513187885284
132,0.16151071250897775,0.4018839540327254,0.5095923872820229,0.30461341900146055,0.9156935986282871,0.15806499738336965,0.39757388921226916,0.5043161391218843,0.30004586796535954,0.9178960811226712,2.3682857634480904e-05,0.12338265031576157
133,0.1612967511540965,0.40161766788090447,0.5092548700718919,0.30439364198542684,0.9158103738711949,0.15768730930850902,0.39709861408535413,0.5037132602016883,0.299503494741856,0.9180707476904363,2.1371343239459332e-05,0.14553667604923248
134,0.16106439103517056,0.40132828337306425,0.5088884646544892,0.30416595285449927,0.9159370985230105,0.15819628990378498,0.3977389720706094,0.504525544095431,0.3000684983247111,0.9178757596916134,1.918825011803729e-05,0.14505188167095184
135,0.16106089272456237,0.40132392493416386,0.5088831937088719,0.3041669734023196,0.9159389393585801,0.15776030463532106,0.3971905142816493,0.5038298341353336,0.2995370991542825,0.9180822775864855,1.7135732719557633e-05,0.14441175758838654
136,0.16097811723321637,0.4012207836506184,0.5087545904313061,0.30409107209017094,0.9159840939178595,0.1574544755157377,0.396805337055511,0.5033412429656553,0.29921360890199683,0.9182820501702497,1.5215816630889194e-05,0.14377737045288086
137,0.1610724002084622,0.40133826158050545,0.5089009403668889,0.304163973505904,0.9159327749789177,0.157083511868876,0.3963376235848371,0.50274795588583,0.29889502505536675,0.9183843127379229,1.3430396577417202e-05,0.1383303999900818
138,0.16078532507239013,0.4009804547261501,0.5084483604409905,0.3038753474630961,0.9160892785883403,0.15764945002158096,0.3970509413432752,0.5036527880885063,0.2994954613997303,0.9181577549544747,1.1781234553178044e-05,0.1473865956068039
139,0.1606894312031921,0.40086086264836596,0.5082960254893233,0.30383666466075127,0.916141687785249,0.1573233593243852,0.3966400878937796,0.5031316270389087,0.29910670719170823,0.9183045227361557,1.0269958081983926e-05,0.13745293021202087
140,0.1607245220605461,0.4009046296322183,0.5083517504222623,0.3038341093889709,0.9161225666207627,0.15724377476379472,0.39653975180780393,0.5030043523137145,0.29904348517643203,0.9183380322462321,8.898058611253326e-06,0.12276934832334518
141,0.16059799794590673,0.4007468002940345,0.50815048409135,0.30371934810560075,0.9161913592512119,0.15731404916707886,0.39662835144134473,0.5031167395361336,0.2991388930544658,0.918359332082581,7.666890040132367e-06,0.1351405680179596
142,0.160592711553341,0.40074020456318205,0.5081422052950824,0.3036918118309148,0.916194348534241,0.15702991489037949,0.3962700025113931,0.502662179632389,0.2988076439791908,0.9184556636783953,6.577667383360003e-06,0.14884307980537415
143,0.16049341985594784,0.4006163000377641,0.507986320340063,0.30360811933473386,0.9162485274215567,0.15729197739823333,0.3966005262203182,0.5030814436869365,0.2990730253287417,0.9183574861386515,5.631465572195004e-06,0.13221195340156555
144,0.16038174806724617,0.40047690079110204,0.5078081229613416,0.30351261218796954,0.9163094270762356,0.1573009824004119,0.3966118787938807,0.503095844245483,0.299114259996261,0.9183530803603448,4.829218393588632e-06,0.1330692023038864
145,0.1603889624290503,0.4004859079031999,0.5078217503833627,0.3035067089944504,0.91630548765851,0.1572377979916757,0.396532215578603,0.5029947927271389,0.299022253229609,0.9183881558540344,4.171717568649761e-06,0.13370293378829956
146,0.1603352533072348,0.4004188473426729,0.5077341671001371,0.3034570863295887,0.9163347552014961,0.15725047277255386,0.3965481972882412,0.5030150652709854,0.29907727133945916,0.9183763753508004,3.659611971311536e-06,0.12394221127033234
147,0.16033519297570412,0.4004187720071377,0.5077356703853484,0.3034523899579691,0.9163347028897862,0.15726349126171751,0.39656461171127905,0.5030358867048798,0.29906313575533966,0.9183955454109093,3.293406987971279e-06,0.12832453846931458
148,0.16040071732196023,0.40050058342274636,0.5078375276907213,0.30350521730978774,0.9162989613053195,0.15732213500345943,0.3966385445256921,0.5031296693010987,0.29911294609087724,0.9183709572807772,3.0734640187350556e-06,0.13104742765426636
149,0.16018588066254102,0.40023228338371336,0.507499499266273,0.30331555701342716,0.9164162198556254,0.15749949587959822,0.39686206152717374,0.5034131970534838,0.299332968273483,0.9182836545332703,3.0000001207595007e-06,0.14585630595684052
150,0.16831451627654198,0.4102615218083972,0.5202161670634453,0.31146187274997744,0.9119765185829118,0.1643782043216074,0.4054358202251096,0.5142888732526245,0.30676806108591426,0.9149764111086912,0.00029998172692722946,0.2421877533197403
151,0.1689359892508797,0.4110182346938876,0.5211788395471096,0.3120064415965368,0.9116360460193718,0.16171348208964592,0.40213614869798253,0.5101032925339605,0.3040073916619918,0.9156685542221942,0.0002999268182403093,0.2259402573108673
152,0.16872094611760435,0.4107565533471187,0.5208428113166981,0.3117906664700196,0.9117538573692691,0.16188942648146346,0.4023548514451683,0.5103807134815348,0.3040441173311821,0.9157813479029444,0.0002998352874569465,0.21232017874717712
153,0.1683359577467567,0.41028765244247445,0.5202495306595467,0.3114415965735224,0.9119647942387684,0.16276814829591077,0.4034453473469619,0.5117639901449255,0.3046755872463797,0.9155412123560412,0.00029970715716099225,0.21092812716960907
154,0.1682697661574906,0.4102069796547721,0.520147113841568,0.3113651264540191,0.9120009613874406,0.16154154034173784,0.40192230635004306,0.5098320369253306,0.3035058801386292,0.9157382730385247,0.0002995424589666798,0.21047797799110413
155,0.16781042083925704,0.40964670246354606,0.519435275232726,0.3109295657036087,0.912252378724818,0.1602759202063202,0.4003447516907399,0.5078309339942256,0.3023666382868611,0.9165478850732608,0.0002993412335108242,0.21426893770694733
156,0.16746857856066757,0.4092292493953329,0.5189070327971332,0.31061132541057845,0.9124398594394348,0.1603951994595255,0.4004936946563897,0.5080198657712462,0.3021754182389746,0.9165145962139293,0.0002991035304427957,0.18703240156173706
157,0.1671726498202886,0.40886752111202057,0.5184488723182527,0.3103493851094252,0.9126017115926927,0.16013080818604486,0.400163476826715,0.5076009897196506,0.30192017774680013,0.9167371752400282,0.0002988294084122694,0.14441192150115967
158,0.16688156455028347,0.4085114007592487,0.5179952453594558,0.31003504620436984,0.9127611698798869,0.1593129258361497,0.399140233296707,0.5063030216175262,0.30121712511658477,0.9171963975623103,0.0002985189350547547,0.1772254854440689
159,0.16632974077020898,0.407835433441246,0.5171382964637946,0.3094826258805046,0.9130633263257985,0.1586940612545127,0.3983642318965305,0.5053186762147996,0.30034089135770825,0.9173268929296374,0.0002981721869749068,0.17857487499713898
160,0.1660938611844691,0.4075461460797649,0.5167720586283493,0.30931210980794854,0.9131924830575372,0.158815129615193,0.3985161597917869,0.5055113943274313,0.3006316978263201,0.9173747675686094,0.0002977892497276258,0.16315734386444092
161,0.16566575619849988,0.4070205844899001,0.5161060066922244,0.30885787149448907,0.9134264829482689,0.15945188518552397,0.39931426869763115,0.5065237827485917,0.3013640916470134,0.9173398487134964,0.0002973702177969476,0.19013375043869019
162,0.1654312118447944,0.406732358984129,0.515740869837819,0.30863644521257844,0.9135551508469633,0.15660603565766135,0.3957348047084832,0.5019832897531649,0.29830176458959434,0.9184561319657221,0.0002969151945727309,0.15680032968521118
163,0.1650879827826565,0.40631020511753885,0.515207139443513,0.308306711322995,0.9137426238687419,0.15850156654284936,0.39812255216559805,0.5050121093297123,0.3006789992806972,0.9175697786481974,0.0002964242923251477,0.18325205147266388
164,0.16477140933466508,0.40592044705171615,0.51471053811808,0.3080022404680509,0.9139158713956791,0.1563980774293413,0.3954719679437992,0.501649885508114,0.2981939174663803,0.9187244028383029,0.0002958976321769819,0.16089290380477905
165,0.16444988787862855,0.4055242136773445,0.5142092494858179,0.30770231980414386,0.9140914442209079,0.15843691401609852,0.39804134711873657,0.5049091020225888,0.3007514620059622,0.9177984932966246,0.0002953353440737447,0.15677370131015778
166,0.16407955534497948,0.40506734667827704,0.5136305650534992,0.30731805711410776,0.9142940106389587,0.1578796454186776,0.39734071704102714,0.5040203639406107,0.30015265349983805,0.9180294564956273,0.00029473756675161167,0.2491127848625183
167,0.16368839368511073,0.40458422322813176,0.5130182614245782,0.3070232082392652,0.9145075876699266,0.1568485336427632,0.3960410757014519,0.5023717896242329,0.2987115967039209,0.9185158954044547,0.00029410444770319245,0.15766963362693787
168,0.16345079333087445,0.4042904813755506,0.5126445344808892,0.3067156035878692,0.9146377903362147,0.1560723227814332,0.39505989771354066,0.5011271809915201,0.2979016525180433,0.9188960881828032,0.0002934361431411386,0.14767765998840332
169,0.16294319263930804,0.40366222592572126,0.5118499011927967,0.30628353506517964,0.9149144332580582,0.1557738173849164,0.3946819192526007,0.5006477213407112,0.29791448865421327,0.9190457261990933,0.00029273281795960074,0.19365721940994263
170,0.16254333272786747,0.4031666314662803,0.511218360224174,0.30587186322897786,0.9151332451833374,0.1553688646546126,0.3941685739053947,0.4999965509531084,0.29727720495725535,0.9191722121064684,0.00029199464569354346,0.1452314257621765
171,0.16222332668549289,0.4027695702079452,0.5107170170532871,0.3055760911325129,0.91530804492544,0.15561087427103137,0.3944754419111935,0.500385808125432,0.29738956417682005,0.9192429936234874,0.00029122180847592773,0.1511567384004593
172,0.16200966249304957,0.4025042390994778,0.5103806160689462,0.305381379552922,0.915424402963844,0.1549831029633455,0.3936789338577129,0.49937545035996933,0.29668089001429593,0.9196757217290977,0.0002904144969927729,0.1727922111749649
173,0.16164508127202118,0.40205109286261265,0.5098061064084444,0.30494802432739687,0.9156238004680782,0.15545055810735234,0.3942721878440735,0.5001279835821908,0.29732886429535227,0.9193577655305362,0.0002895729104361073,0.17609944939613342
174,0.16116681186164297,0.401455865396986,0.5090510683916475,0.3045865265564068,0.9158847081086633,0.1555598188750345,0.3944107235801716,0.500303713954469,0.2972367270675684,0.9193711197486467,0.0002886972564548209,0.18218398094177246
175,0.1609754244460986,0.40121742789427606,0.5087465221718767,0.3043345007495488,0.9159888665266209,0.1537131140150763,0.3920626404225176,0.4973252079093376,0.2953816522138038,0.9202739838983117,0.00028778775110343093,0.19180928170681
176,0.16053242388447994,0.4006649771123999,0.5080475097832013,0.30390141642292595,0.9162307791621392,0.1542756417623347,0.3927793805208398,0.4982343812955876,0.2963105256625019,0.9200830298750612,0.00028684461878877355,0.2440520077943802
177,0.16032224696545608,0.4004026060922382,0.5077117416860307,0.3036682919834636,0.9163452193533066,0.15438049051697517,0.39291282814000256,0.49840365747266374,0.2962523706336676,0.9201076769636382,0.00028586809221463507,0.21593879163265228
178,0.15992279107824675,0.39990347720199526,0.5070821807310106,0.30335584581280856,0.9165630021119523,0.15238802787134997,0.39036909184943164,0.49517696854813026,0.29437359746366043,0.9211244128719772,0.0002848584123243355,0.19492292404174805
179,0.15972919982113185,0.39966135642707795,0.5067744121777435,0.3031030031774714,0.9166689488679612,0.15150241992938737,0.38923311771917274,0.49373600347708496,0.2934139097152129,0.921389727797385,0.00028381582824127974,0.16633599996566772
180,0.15930101746007017,0.3991253154838342,0.5060956743567068,0.30274756312064244,0.916902036775479,0.15131570698659444,0.38899319658137266,0.4934316673393451,0.29280192842123803,0.9217870443531619,0.00028274059720748964,0.22013890743255615
181,0.15913679415362483,0.3989195334320254,0.5058339379992105,0.30257819284982646,0.9169914663745402,0.15055283216164228,0.38801138148467024,0.4921862505442895,0.2920927310372879,0.9218919612768526,0.0002816329845201338,0.2130635529756546
182,0.1586605383702512,0.3983221540038304,0.5050773667397673,0.30210254935306213,0.9172509811811904,0.1513285131752222,0.38900965691769424,0.4934525470135078,0.29301147567647134,0.9220023173649619,0.00028049326346606926,0.1666623204946518
183,0.1584026190106768,0.39799826508500863,0.5046628699481556,0.30183651913268267,0.9173917726382099,0.15111443377255404,0.3887344000375501,0.49310338805003545,0.29264081752896204,0.9215930459534908,0.0002793217152544121,0.22030426561832428
184,0.15801078006529531,0.39750569815449854,0.5040414380747182,0.30147810462044505,0.9176051281622166,0.15268452101678026,0.3907486673256612,0.4956584539873696,0.2946981758099776,0.9211705679557379,0.0002781186289471533,0.17956066131591797
185,0.15783990644138493,0.3972907077209143,0.5037702061882285,0.3012860145357668,0.9176980786441832,0.15148721354852362,0.38921358345839324,0.4937112245787613,0.29344752806873664,0.9220060178645516,0.000276884301387837,0.18234474956989288
186,0.15754101829978712,0.39691437149565034,0.5032898766682823,0.30101600622182023,0.9178608174622865,0.1509821639123795,0.3885642339593024,0.49288753509308847,0.2926889817823552,0.9221839988579502,0.0002756190371283188,0.15333037078380585
187,0.15715020565992754,0.39642175225374243,0.5026675638318776,0.3006317959440841,0.9180736415306953,0.1493667751588324,0.38647998028207414,0.4902436925370972,0.291094404591311,0.923033244201236,0.0002743231483536223,0.19733527302742004
188,0.15688386528880666,0.396085679227117,0.5022415722348041,0.30033995507617356,0.918218422698349,0.14860567765166197,0.3854940695414937,0.4889930804830876,0.29024646523583564,0.9230553461692944,0.0002729969548049117,0.1533622294664383
189,0.15649757695901992,0.39559774640285794,0.5016220334631314,0.29997731399015837,0.9184289121905114,0.15002546171013834,0.3873312041523873,0.49132345644376446,0.2919885693549938,0.9226051600713759,0.0002716407837006009,0.21280863881111145
190,0.15633597803590232,0.39539344713323504,0.5013656248374728,0.29981060285929384,0.9185167894207973,0.1495041279258377,0.3866576365802668,0.4904690467186123,0.29130511928435115,0.9229198541122574,0.00027025496965561713,0.2500149607658386
191,0.1560301348203566,0.3950064997191269,0.5008723218401325,0.2994957100671736,0.9186831717717996,0.14893015100946927,0.38591469395381833,0.48952663584323536,0.291052796267964,0.9233003003163135,0.00026883985459883966,0.1536034494638443
192,0.15569147400663202,0.39457758933653597,0.5003283360869039,0.29917611922011905,0.9188673385922913,0.15039149012253228,0.3878034168525753,0.49192245072448787,0.29222382795206153,0.9227299341553044,0.0002673957876887338,0.1621650606393814
193,0.1553624277702498,0.39416040867932156,0.49979956940803927,0.29884367324268407,0.9190463117924318,0.14821888139329217,0.38499205367551703,0.48835628136177484,0.29013658908058476,0.9236129573978809,0.0002659231252272017,0.15605193376541138
194,0.15514373153792418,0.3938828906387331,0.49944745311699545,0.29860417095320213,0.9191653215169968,0.14736386142338986,0.3838800091478975,0.4869456706101184,0.28876698212898116,0.9240398086104458,0.0002644222305716697,0.1310146152973175
195,0.1548994294294803,0.39357264822327315,0.499054332268476,0.29839755145208824,0.9192980232513763,0.14755727392395274,0.3841318444544174,0.487265119680907,0.2891216992342263,0.9239464483241837,0.00026289347404543576,0.17924951016902924
196,0.1545148016514307,0.3930837081989416,0.4984345669065542,0.2980174713018464,0.9195072649042758,0.14564219383400842,0.3816309655072665,0.4840927946131384,0.28690359958606687,0.9245290611949624,0.00026133723284629747,0.18031355738639832
197,0.15431933430177716,0.39283499627932483,0.4981208463503759,0.297809387622963,0.9196132833268388,0.1479484296150531,0.38464064997742126,0.4879105313738973,0.2896273794898787,0.9236850102089532,0.0002597538909534841,0.1657470315694809
198,0.15402559493220053,0.3924609470153693,0.4976417380504837,0.2975054882916315,0.9197730095064814,0.14983830179167318,0.3870895268431751,0.4910168926305906,0.29192311280558114,0.9233707786131168,0.00025814383903291575,0.21536710858345032
199,0.15375066185142935,0.39211052249516254,0.4971992610751498,0.29724539925412435,0.9199223096733474,0.1467124330203599,0.38303059018877317,0.48586819620451477,0.2881075961132425,0.9243854769160047,0.000256507474340812,0.16617491841316223
200,0.15359610439647606,0.39191338889667454,0.49694743747151254,0.2970528097223103,0.9200063540684392,0.1466743359602739,0.3829808558665484,0.48580510900978996,0.28841342058579345,0.9241223144659011,0.00025484520062567527,0.16327984631061554
201,0.15326927340229607,0.3914961984519084,0.49642218645539754,0.29677752299241444,0.9201837900165929,0.14748883673353458,0.3840427537833966,0.4871521095852742,0.2892937263498408,0.9243362640163053,0.0002531574280286716,0.1998322755098343
202,0.15298087220634207,0.39112769296783634,0.4959517987554543,0.2964477204694981,0.9203405803407683,0.14583135249274362,0.3818787143750534,0.4844070601015528,0.28730365675379066,0.9251508674048512,0.00025144457298243453,0.1857883334159851
203,0.15276025957756692,0.3908455699858538,0.49559395774988363,0.2962589729888142,0.9204602954371053,0.1455066060787546,0.3814532816463303,0.48386740546872264,0.28675367410078395,0.9249793827942439,0.0002497070581083168,0.18163642287254333
204,0.15236439986276382,0.3903388269987548,0.49495368401668177,0.295907066592203,0.9206753142245813,0.1461623497677073,0.3823118488455561,0.4849564842710256,0.2880733782925388,0.9248218226165346,0.00024794531211211465,0.19710437953472137
205,0.15218372465098165,0.3901073245287528,0.4946597357937922,0.2956724655413964,0.9207730700481409,0.14413612445238544,0.379652636567146,0.4815833158971909,0.2853461329073408,0.9255967400363483,0.00024615976967829096,0.13599510490894318
206,0.15185852232120156,0.3896902902577912,0.4941318053015411,0.29531721041964626,0.9209499389593415,0.1440883329942583,0.37958969031608103,0.48150346958139745,0.2853996414201093,0.9257732398445137,0.00024435087136272373,0.14928507804870605
207,0.15156775706271916,0.38931703926583944,0.493656694297676,0.2950407930761002,0.9211075232041926,0.14229604453951028,0.37722147942490003,0.4784994318272251,0.2832595031413333,0.9264641917336455,0.00024251906348400518,0.16714632511138916
208,0.1515162245433811,0.3892508504080384,0.49357353107375906,0.29500540172793593,0.9211355407027436,0.14364421395613514,0.3790042400239543,0.48076083522088114,0.2847694472013624,0.9257520659860476,0.00024066479801331938,0.141245499253273
209,0.1513161898826145,0.388993817280705,0.4932486529829994,0.29479147694689317,0.9212440765427163,0.145110617215787,0.3809338751224246,0.48320854657512213,0.28666618252850423,0.9253523853476373,0.00023878853246292537,0.14811035990715027
210,0.15089172319974153,0.38844783845420167,0.49255515330507754,0.2943922089596921,0.9214743249324097,0.14330730100892292,0.3785595078834012,0.4801966995918751,0.2845489873371493,0.9265044970011937,0.00023689072977327243,0.18712668120861053
211,0.15059962048074554,0.38807166925807085,0.49208164673579485,0.29410526917742824,0.921632722329938,0.14144798143528317,0.3760957078128959,0.47707140848790613,0.2826297233690318,0.9270484315648125,0.00023497185819877685,0.16520127654075623
212,0.15044469759346432,0.38787201187178266,0.4918269101103076,0.2939319628193994,0.9217166883034,0.14426950521147267,0.3798282575210442,0.48180608827692223,0.28567506776047924,0.9261932516775447,0.000233032391192287,0.17497853934764862
213,0.15005788076979817,0.3873730511661829,0.4911936409382089,0.2935827941429324,0.9219263923101843,0.14107670110176884,0.37560178527500215,0.4764448756242178,0.28194646933431167,0.9271332020160687,0.00023107280728826572,0.15705610811710358
214,0.1499545635877892,0.38723967202210724,0.49102547396596097,0.29344957569597313,0.9219825888618721,0.14266576648210277,0.3777112210169335,0.4791206612277551,0.2837634996222451,0.9265945222347308,0.00022909358998471962,0.17241239547729492
215,0.14974327921025712,0.38696676757863474,0.4906785035025058,0.29321340973631255,0.9220970210740951,0.1424062377256384,0.3773675101616969,0.47868466948838145,0.2834861803906766,0.9266041950865771,0.00022709522762390258,0.15999723970890045
216,0.14953067391843025,0.3866919625728343,0.49032920024413307,0.29299253366878003,0.9222122202032855,0.1417844068743739,0.37654270259078704,0.47763841423629755,0.28290016740221685,0.9272151452820132,0.00022507821327182495,0.22700925171375275
217,0.14930264563783907,0.3863970052133415,0.489954736169309,0.29276394736935146,0.9223356645903547,0.14219556175786824,0.3770882678602826,0.47833045508157573,0.28315636483884166,0.9269139278251491,0.00022304304459659703,0.18850933015346527
218,0.14887238149465432,0.3858398391750835,0.4892487681055604,0.2923465685605697,0.9225690263404245,0.14232963165464954,0.37726599588970317,0.47855590025300965,0.28363040379508914,0.9268849432466548,0.00022099022374563637,0.17944522202014923
219,0.14877617047365577,0.3857151416183396,0.4890922072168825,0.2922320868987327,0.9226209582981256,0.13965466099511714,0.37370397508605274,0.47403753366025364,0.2805261524161198,0.9279828468236861,0.0002189202572217711,0.1555691510438919
220,0.14858470851404829,0.38546687083853043,0.4887763482735335,0.2920412921630066,0.9227245405417531,0.14048553834084548,0.3748140049956051,0.47544558890101507,0.2817274557298496,0.927698636929389,0.00021683365575826728,0.1477593183517456
221,0.14839383504510079,0.38521920388929315,0.4884605479490043,0.2918023466298761,0.9228282260577567,0.14113035547972114,0.3756732030365237,0.4765354679159466,0.2821240233204636,0.927477522145412,0.00021473093419281357,0.17531470954418182
222,0.1481236985505622,0.384868417190294,0.4880182220691947,0.2915694062073209,0.9229744725631294,0.14099952267128904,0.3754990315184435,0.47631453412243907,0.282179962919628,0.9279773621335267,0.00021261261134049257,0.15684986114501953
223,0.1478987477232005,0.384576062337739,0.4876465742572521,0.29133204337262064,0.923096239030373,0.14283264847228597,0.3779320685947224,0.47940080285875003,0.2842047198587668,0.9269262217519163,0.00021047920986577094,0.19837066531181335
224,0.14767576234752314,0.3842860423532491,0.48727930064768926,0.29108586559246685,0.9232169773910461,0.13986075438654524,0.37397961760842696,0.4743871818047457,0.2806605838348108,0.928265160266294,0.00020833125615353978,0.18775232136249542
225,0.14735572176850348,0.38386940717971196,0.48675155196230524,0.29080877098253666,0.9233902339313723,0.13925699309049758,0.3731715330655563,0.47336213944707967,0.28014031327431266,0.9285531870223991,0.0002061692801792371,0.1610381007194519
226,0.14713040098490549,0.3835758086544373,0.48638093290767603,0.2905802420688379,0.9235121275041991,0.13980057996396358,0.37389915747961183,0.4742851194142862,0.28073063216857413,0.928359469293365,0.00020399381537808417,0.17262688279151917
227,0.147005028735765,0.3834123481785178,0.48617133324462714,0.2904492658736311,0.9235800302651936,0.14027224316792333,0.3745293622240095,0.4750845240838953,0.281277234707901,0.9282843197901326,0.0002018053985134685,0.18686822056770325
228,0.14672769605157004,0.3830505137074875,0.48571191642211087,0.29014653047793026,0.9237300657710144,0.13970891182828393,0.3737765533420789,0.4741295980207573,0.280688724541918,0.928475409205657,0.0001996045695445055,0.1497928649187088
229,0.1465746458519408,0.3828506834941539,0.48546047435258316,0.28997575310901746,0.9238128435698627,0.13807436654421854,0.37158359294271665,0.47134786272107554,0.2786634911959018,0.9290984121701898,0.00019739187149281153,0.15127186477184296
230,0.14623826877985135,0.3824111253348304,0.4849012138768846,0.2896652480680615,0.9239949433911637,0.13869443737498863,0.372417020791194,0.47240505265780286,0.2796907767430257,0.9286958599158653,0.00019516785030852148,0.15743499994277954
231,0.14618587623970805,0.3823426163007572,0.48481426013677437,0.289588505289827,0.9240232858605502,0.13910046055781197,0.3729617414129926,0.4730960220809454,0.2801082145003846,0.9286524010224511,0.0001929330547355839,0.16384673118591309
232,0.14597989295505284,0.3820731513140551,0.4844725245581972,0.28936887372749,0.9241344624637936,0.13785943346448676,0.37129426801997195,0.4709808586698803,0.2785765348929099,0.9292407810914882,0.0001906880361763664,0.15685945749282837
233,0.1457399855797037,0.38175906744922733,0.4840729447127077,0.2891504682304005,0.9242644121734286,0.13740173269966152,0.37067739707144476,0.4701983677077246,0.27791931284526006,0.929393061898977,0.00018843334855560558,0.16287861764431
234,0.14553910174403478,0.3814958738230792,0.48374047534303205,0.28892488144481593,0.9243730599686178,0.13789592463065303,0.3713434052607546,0.4710431884763163,0.2784938165113569,0.9293921745577328,0.00018616954818373416,0.15610598027706146
235,0.14534017604336966,0.3812350666496586,0.4834091105442923,0.2886873498195555,0.9244805207038923,0.13795233685022398,0.371419354436766,0.47113952879507176,0.27842046362121836,0.9292081362411452,0.0001838971936196201,0.1406697928905487
236,0.14509859184742893,0.3809180907326783,0.4830066405469072,0.28846369582361064,0.9246111456115487,0.13743793144701105,0.37072622168793384,0.470260300955229,0.2780063082177466,0.9295812712294499,0.00018161684553274994,0.1484750658273697
237,0.1448771431181336,0.38062730211866513,0.4826385438473396,0.2882124851619172,0.9247308901846486,0.13567125485318166,0.36833579089355634,0.4672280776081498,0.276040076865248,0.9302540692076929,0.00017932906656489264,0.14175809919834137
238,0.14474464380044838,0.38045320842443736,0.48241754574968637,0.2880971585143362,0.924802428261138,0.13696044508117003,0.37008167352784443,0.4694427018915218,0.2775244675825443,0.9297889715352141,0.0001770344211912757,0.15786002576351166
239,0.14456367781517288,0.3802153045514776,0.48211654698412754,0.287878514675182,0.9249003206777122,0.13676398739748494,0.36981615351074776,0.46910589398357017,0.2775313500096449,0.9302194687655229,0.00017473347558130952,0.13026763498783112
240,0.1443419937469993,0.37992366831641233,0.481748936706086,0.28761227560900293,0.9250200592820841,0.137334994257755,0.3705873638668148,0.47008416202323733,0.27804987036005036,0.9297851746368987,0.00017242679745889367,0.15382401645183563
241,0.14409555858228265,0.3795992078262054,0.48133575645269294,0.28741304019755365,0.9251532879141279,0.13560522336259342,0.36824614507499387,0.4671143633167123,0.27597982671324944,0.93048027735637,0.0001701149559623392,0.18341077864170074
242,0.14387603544071795,0.37930994640362115,0.4809682322395462,0.28719598487191694,0.9252718478210952,0.13670895853061535,0.3697417457234378,0.469011508891805,0.2771700456499128,0.9301434487620347,0.0001677985215039426,0.1477755606174469
243,0.14368942071024965,0.3790638741825046,0.4806576855075713,0.28702114030852705,0.925372620198503,0.1364516150841664,0.3693935774809389,0.4685698630277624,0.2769464428427847,0.9301498244693716,0.00016547806562924492,0.15550966560840607
244,0.14359329862756814,0.3789370642040287,0.4804939691033186,0.28685271902552617,0.9254246378027441,0.1353240473522991,0.36786416970438846,0.4666298336497237,0.2755722348127656,0.9308428586151565,0.00016315416087601145,0.15324315428733826
245,0.1434302129358321,0.3787218147081471,0.48022138070512693,0.28671240948131055,0.9255127075921225,0.1370397903195918,0.37018885763835707,0.4695786632266488,0.277450443454392,0.9299744606599905,0.00016082738063296682,0.16291023790836334
246,0.14315928289229204,0.37836395559341013,0.47976965924812975,0.2864689836147049,0.9256589686757668,0.13570287085207677,0.3683787057527576,0.4672825144227662,0.275961445462637,0.9303610727868257,0.00015849829899831962,0.15434639155864716
247,0.14300460629499923,0.378159498485757,0.47950868414986586,0.28625019057265294,0.9257425330885445,0.13601850985706207,0.36880687338641355,0.46782563823889545,0.27641975920545864,0.9305079505157837,0.00015616749063811236,0.1441194862127304
248,0.14271121673926768,0.37777138157788986,0.4790181745783073,0.2859721303904317,0.9259008968266852,0.1354686163582326,0.3680606150598466,0.46687902145078725,0.27576788468731805,0.9305875663095267,0.00015383553064443132,0.14861448109149933
249,0.14268266089231885,0.3777335845438142,0.4789702292698415,0.28595374618323377,0.9259163263988153,0.1353169268938721,0.3678544914689395,0.4666175569623769,0.2756656484254494,0.9308047780752335,0.000151502994393511,0.12642528116703033
250,0.14250586678265606,0.3774994924270178,0.4786729992144003,0.2858079896046659,0.9260118158880606,0.13448684548152695,0.3667244817046265,0.46518415759443177,0.27492309756882244,0.9311499968647924,0.00014917045740376895,0.14769555628299713
251,0.14223005642710357,0.3771340032761612,0.47820896533023854,0.28550497998169055,0.9261606247481929,0.13488513410919692,0.36726711547482294,0.4658724798795919,0.27517678750118524,0.9308683145603192,0.00014683849519380484,0.1429605782032013
252,0.14215842450805133,0.37703902252691474,0.4780906354877762,0.28539028989488263,0.9261992988651657,0.13473888425443217,0.36706795590793834,0.46561984914461224,0.27499119432108904,0.931116514787528,0.00014450768314040003,0.1754560023546219
253,0.14190800848568816,0.37670679378753996,0.47766703427314106,0.28513451840666354,0.9263343591100934,0.13491661499992774,0.36730997127756787,0.4659268417820351,0.27527155667043207,0.9312253754611907,0.00014217859633655207,0.14004985988140106
254,0.14182953186457514,0.3766026179736077,0.47753483223217397,0.2850587908202479,0.9263767431674996,0.13353499839547264,0.3654244085929026,0.46353503558196796,0.27367179683347276,0.9315041616914307,0.00013985180944957884,0.14818701148033142
255,0.14166872189003635,0.3763890565492524,0.47726670636014534,0.2849006638294313,0.9264634599494069,0.1339726438592905,0.3660227368064592,0.4642940053804787,0.2742580352890601,0.931599029551668,0.00013752789657932838,0.141240194439888
256,0.1414191132848927,0.3760573271256561,0.47684473940164407,0.2846160161097334,0.9265982031904642,0.13275603623279186,0.36435701754294764,0.46218106705472617,0.27266251165241656,0.931896266426292,0.00013520743111652787,0.1359768956899643
257,0.14125362936699037,0.3758372378663274,0.4765653641442099,0.28446907704081553,0.9266873582292372,0.13475132392989322,0.367084900166015,0.46564134266580515,0.2749938453670186,0.9313493746624797,0.00013289098560130845,0.15271173417568207
258,0.14108411106968416,0.37561164927313445,0.47627685757398086,0.28430420933088074,0.926778820045942,0.13416464142454293,0.36628491836894256,0.46462657851198524,0.27445031193442515,0.9316472445024686,0.00013057913158193924,0.13107798993587494
259,0.14103165679205978,0.3755418176342813,0.4761939683489451,0.2842215120562846,0.9268072134270038,0.13243492964996023,0.3639161024878677,0.4616217733377791,0.27240149386629176,0.9320830320940853,0.00012827243947380646,0.13880255818367004
260,0.14074962235155095,0.37516612633812096,0.47571331306050835,0.28393646202436307,0.9269592679297761,0.13332155322667127,0.36513224073843614,0.46316442531721447,0.2735007762306542,0.9319584305228044,0.0001259714784186721,0.14676621556282043
261,0.1405760882486887,0.37493477865982067,0.4754191021824241,0.2837872044571863,0.9270529628715306,0.1324878917061407,0.3639888620633064,0.4617140676990665,0.2725609455958877,0.9321225323133777,0.00012367681614424648,0.15355037152767181
262,0.1406391604070639,0.3750188800674759,0.47552814547233496,0.2838224719286883,0.9270189102641516,0.13240992594789328,0.3638817472035294,0.46157819420739343,0.27243086724177185,0.9322575525953561,0.00012138901882411002,0.1452898383140564
263,0.14033140000123268,0.37460832879319794,0.4750085823305609,0.2834975067550013,0.9271847030444459,0.1338371629857819,0.3658376183305674,0.46405918554553716,0.2740572232499576,0.931875688494117,0.00011910865093801841,0.16633254289627075
264,0.14016934230789752,0.37439196346596104,0.47473191711238916,0.28331128279266066,0.9272721345068471,0.13345440628941235,0.36531412002468827,0.46339513629174717,0.2736145858406655,0.931899355055838,0.00011683627513262573,0.15101169049739838
265,0.14007509002445293,0.3742660684919926,0.47457009283128043,0.28322139761108184,0.9273228996792621,0.13290323657779524,0.36455896173019153,0.46243723003623066,0.2729410802472522,0.9321473558301125,0.00011457245208265957,0.12663047015666962
266,0.13985398301761479,0.37397056437320675,0.4742003847615181,0.28302670691989656,0.927442111220359,0.13311724704948277,0.3648523633601443,0.46280940532551595,0.27301530161611315,0.9321303729578405,0.00011231774035258329,0.14268192648887634
267,0.13975955655891567,0.3738442945384023,0.4740376366660559,0.2828882273874785,0.9274930164274626,0.13218250190323172,0.3635691157169868,0.4611816261516454,0.2721094648839334,0.9323846455494597,0.00011007269625877827,0.14546675980091095
268,0.13958040413486178,0.3736046093597639,0.47373542832560467,0.2827060883326769,0.9275894674836371,0.13200533301837605,0.36332538174255874,0.4608724534914389,0.27190921272617924,0.9325362532129532,0.00010783787373228131,0.1627551168203354
269,0.13939328088074807,0.37335409584032697,0.4734164774238919,0.28254106476309976,0.9276904188070634,0.13089033266930475,0.36178769004666916,0.45892191609380617,0.2706648999227769,0.9329379795914288,0.00010561382418211053,0.13797691464424133
270,0.13928921201262762,0.37321469962024223,0.4732411556184519,0.282406293764347,0.9277464699345709,0.13171068448664114,0.3629196667124023,0.46035781044484037,0.2715422374379052,0.9327442483533507,0.00010340109635921319,0.14425373077392578
271,0.1391143243047331,0.37298032696743283,0.47294388449549185,0.28222468147228863,0.9278406448427668,0.13168795826073224,0.36288835509111095,0.46031809215249836,0.2715626515070253,0.9328788062973493,0.00010120023622106992,0.16420187056064606
272,0.13908217033426323,0.37293722036592597,0.47288852780075824,0.2821824045634239,0.9278580925625596,0.13029864427738297,0.360969035067252,0.4578834653059272,0.26991939871691123,0.9331788618313887,9.901178679698754e-05,0.14656572043895721
273,0.13887145069926327,0.3726545997291101,0.4725298271684292,0.28192957855081985,0.927971450058149,0.13345518148326202,0.3653151810194343,0.46339648214666485,0.27365838222782485,0.9322752134780665,9.683628805411503e-05,0.14329634606838226
274,0.13872526053324896,0.3724584010775552,0.4722815890863149,0.2817843012769966,0.9280503010568382,0.13102960526308544,0.3619801172206637,0.4591660068957533,0.2707175594055143,0.9329093397272291,9.467427676421449e-05,0.16515639424324036
275,0.13871209121599737,0.3724407217477667,0.47225698808416183,0.2817711686292264,0.9280573309493759,0.13089567021629997,0.3617950666002785,0.45893127313443993,0.2707003156451666,0.933248526345953,9.252628637122083e-05,0.1422267109155655
276,0.13858920022060997,0.3722757045801001,0.4720511306165986,0.28159985267611004,0.9281234835609286,0.13138933281587836,0.36247666520188354,0.4597958700924379,0.2710970315965929,0.9329113517858559,9.039284685962242e-05,0.13304854929447174
277,0.1383147479366124,0.3719069076215342,0.47158118511911407,0.28137540438514924,0.9282712789683036,0.13213885551195156,0.36350908587262515,0.4611054792512527,0.2721402237635187,0.9328923705796333,8.827448462369548e-05,0.15319594740867615
278,0.13823252518461665,0.37179634907381304,0.47144216562282,0.281285188585252,0.9283156595596861,0.13072332589769595,0.3615568086728501,0.45862904675253663,0.2704654086735506,0.9332789579820858,8.617172233762395e-05,0.17889191210269928
279,0.13819232992397498,0.37174228966311457,0.4713724939899311,0.28125923081983806,0.928337297694101,0.13038601442442713,0.36109003645133597,0.4580369536322621,0.2699845230895633,0.9334139353712492,8.40850788265376e-05,0.1301521211862564
280,0.1380193864637376,0.37150960480684425,0.47107579469981775,0.2810680162501121,0.9284303570379313,0.12953899122278434,0.3599152556127405,0.45654676287046764,0.2690672849494398,0.9338060889101123,8.201506893849961e-05,0.1467161923646927
281,0.13787714703742593,0.371318121073327,0.47083388764849976,0.2809039193644297,0.9285069025678674,0.13099849897479993,0.36193714782376224,0.4591115009009339,0.2708040608156676,0.9332757790772206,7.996220341747578e-05,0.1476123034954071
282,0.13784005975922203,0.3712681776818773,0.47077363208887985,0.28087182115376075,0.9285269174564755,0.13018120920759227,0.3608063319948699,0.4576770790529226,0.2698272325742591,0.9336635061217256,7.792698877731565e-05,0.16464723646640778
283,0.13774563345355156,0.3711409886465675,0.47061077352750835,0.280741217927541,0.9285778272222134,0.12983204229410278,0.36032213683605785,0.4570628852144957,0.2693976306071933,0.9335652215838758,7.590992717677812e-05,0.12473425269126892
284,0.1375629693384501,0.37089482247457983,0.4702987191369649,0.2805934097326154,0.928676052300232,0.12991461188456271,0.36043669608485024,0.4572082017949335,0.2696120226518748,0.9336272870867621,7.391151629563114e-05,0.12463712692260742
285,0.13743666415993455,0.3707245124886329,0.47008217444444444,0.2804067434219402,0.9287440225705856,0.12994562557642478,0.3604797159014981,0.45726277174639723,0.2697130601514958,0.9337739725290636,7.193224921185687e-05,0.1297890692949295
286,0.13724219886076772,0.37046214227740965,0.46975217123055324,0.2802334228322503,0.9288486755090452,0.12993579873796018,0.36046608541991876,0.45724548169785284,0.2695282301173875,0.933763988856618,6.997261427999174e-05,0.1282075047492981
287,0.13720912619258382,0.37041750254622663,0.4696928188281289,0.2801771689211144,0.9288665876079854,0.1309374596017983,0.3618528148319401,0.45900452584550305,0.27071116784272525,0.9332770399860199,6.803309501063257e-05,0.13838094472885132
288,0.13700995243253697,0.3701485545460592,0.4693526734667098,0.2799846628664088,0.9289737435021926,0.12997641474777688,0.3605224192027132,0.4573169402030815,0.2696780688580656,0.933746861415154,6.611416995113743e-05,0.16049568355083466
289,0.1369592871454775,0.37008010909190664,0.46926523473334636,0.2799387590263866,0.9290008929478152,0.13020069292361416,0.36083333122594724,0.45771132714703955,0.2699039607589328,0.9337090200260009,6.421631256755118e-05,0.1381371021270752
290,0.13695639412998387,0.3700762004371314,0.4692606078706401,0.27989105315967455,0.9290024677698886,0.1307263188447317,0.36156094762118834,0.45863429694250785,0.2704558276975226,0.9335644818032999,6.233999112778508e-05,0.15187491476535797
291,0.13681141574017044,0.3698802721694825,0.469010754684173,0.27973155354045626,0.9290805564543891,0.12927353388564808,0.3595462889332166,0.4560787345206914,0.26872207550037813,0.9340501334555856,6.048566858607836e-05,0.12906256318092346
292,0.13668445519749098,0.3697086084979507,0.46879213387158974,0.27961963028748626,0.9291487572097035,0.12927483290331693,0.35954809539659216,0.4560810259906791,0.2688376872984,0.934213889681917,5.8653802468771346e-05,0.1371094137430191
293,0.13658087324728863,0.3695684960156759,0.4686165493998031,0.2795372666917808,0.9292045757023453,0.12985429968607595,0.36035302091986954,0.4571020611823619,0.26957955332014066,0.9338786229881383,5.6844844761417644e-05,0.1226474866271019
294,0.13652512766851235,0.3694930684986017,0.468519940608853,0.2794521504938985,0.9292344962492121,0.1292769347388614,0.3595510182698158,0.4560847336087579,0.26879702438797853,0.9341468723818797,5.505924179726361e-05,0.1367572695016861
295,0.13648024590659663,0.3694323292655864,0.46844485066198205,0.27939925175423186,0.9292586788569379,0.12893080225147466,0.3590693557677606,0.4554737524050437,0.2683341791001151,0.934321021564631,5.329743414712208e-05,0.14468452334403992
296,0.1363214638576734,0.3692173666794039,0.4681714046433711,0.2792461246290317,0.9293441332269564,0.12839369678342413,0.35832066195437867,0.45452404624074466,0.2676343781877954,0.934484031250488,5.1559856510668195e-05,0.16615666449069977
297,0.1361821920578685,0.369028714408335,0.46793197947993986,0.27909202940656835,0.9294189867265952,0.12952668261084826,0.35989815588697904,0.4565250721409955,0.26917357135821585,0.9341607473831914,4.984693760918385e-05,0.14650848507881165
298,0.1361591970124814,0.36899755691939395,0.4678924919104804,0.27909103743684155,0.9294314239609766,0.1287957363407484,0.3588812287383507,0.45523511626793606,0.2682225902552554,0.9343575905585954,4.815910007977696e-05,0.1442897617816925
299,0.13605832333397958,0.3688608454878067,0.46771739713957783,0.27895433921486484,0.9294855675011147,0.12906228779584702,0.3592524012388046,0.4557059426663899,0.2686084515995507,0.9342744333555622,4.649676037110234e-05,0.1362924873828888
300,0.13597960876293758,0.3687541305028834,0.4675838545605447,0.27887437956477007,0.929527926230126,0.12947347348744506,0.35982422582067075,0.4564312930307036,0.2691238617083803,0.9342353736834792,4.486032864060896e-05,0.11671687662601471
TEST(best),,,,,,,,,,,,
